,popularity,vote_count,runtime,vote_average
popularity,1.0,-0.11041369458266671,0.07381697568630852,0.08550474420109562
vote_count,-0.11041369458266671,1.0,0.2700134119499746,0.27806597934406574
runtime,0.07381697568630852,0.2700134119499746,1.0,0.09003274669086839
vote_average,0.08550474420109562,0.27806597934406574,0.09003274669086839,1.0
