feature,importance
vote_count,0.41066102648937824
popularity,0.3264184036383206
runtime,0.26292056987230106
